Risk,Likelihood,Impact
"Adverse judgments in the Silvergate Capital Corporation class action lawsuit could result in significant financial losses.",7,8
"Reputational damage may arise from the Silvergate Capital Corporation lawsuit, impacting future business.",7,8
"Legal and defense costs associated with the Silvergate Capital Corporation lawsuit could be substantial.",7,8
"Adverse judgments in the Centessa Pharmaceuticals plc class action lawsuit could result in significant financial losses.",6,7
"Reputational damage may arise from the Centessa Pharmaceuticals plc lawsuit, impacting future business.",7,8
"Legal and defense costs associated with the Centessa Pharmaceuticals plc lawsuit could be substantial.",7,8
"Client litigation and arbitration related to investment management services could lead to financial losses through compensatory or punitive damages.",7,8
"Reputational damage from client disputes in investment management could negatively impact future business acquisition.",7,8
"The firm faces potential financial losses from adverse judgments in the Securities Lending Antitrust Litigation.",7,8
"Reputational damage from the Securities Lending Antitrust Litigation could negatively impact the firm's image and future business prospects.",7,8
"Legal and defense costs related to the Securities Lending Antitrust Litigation could be significant.",7,8
"An adverse judgment in the Securities Lending Antitrust Litigation could force changes in the firm's securities lending practices.",6,7
"Changes in the fair value of hybrid financial instruments could negatively impact financial results.",7,8
"The firm's reliance on economic hedging strategies could expose it to basis risk.",7,8
"Gains or losses on other financial assets and liabilities may not accurately reflect the overall impact on the firm's operations.",7,8
"The use of fair value accounting for certain financial liabilities exposes the firm to fluctuations in its own credit risk.",7,8
"Changes in the firm's creditworthiness could impact the valuation of its liabilities and result in DVA gains or losses.",7,5
"Failure to meet obligations related to securities lending and clearing guarantees could result in financial losses.",4,9
"The company faces potential losses arising from other financial guarantees.",7,8
"The maximum payout/notional amount of guarantee obligations represents a substantial financial risk.",7,8
"Changes in the carrying value of the net liability for guarantee obligations could impact financial performance.",7,6
"The concentration of guarantee obligations within specific expiration periods increases risk exposure.",7,8
"Inadequate risk assessment and management practices for guarantee obligations could lead to unexpected losses.",7,8
"Inaccurate valuation of Level 3 equity derivatives, particularly those with long-dated maturities or out-of-the-money strike prices, poses a significant risk due to reliance on unobservable inputs like equity volatility.",7,8
"The use of Level 3 correlation inputs, such as stock price correlations or stock-commodity correlations, in valuing structured trades introduces valuation uncertainty and potential mispricing.",7,8
"The firm's reliance on market transactions and third-party pricing services for validating Level 3 model inputs introduces valuation risk if these sources are unavailable or unreliable.",6,7
"The use of different valuation models for Level 3 derivatives could produce materially different fair value estimates, leading to financial statement inaccuracies.",7,8
"Inaccurate bid/offer spreads, liquidity costs, and credit and funding valuation adjustments could lead to mispricing of derivative portfolios.",7,8
"The inability to deliver or repledge collateral received on certain collateralized derivatives necessitates funding valuation adjustments, which can introduce valuation uncertainty and potential losses.",6,7
"Model or exit price adjustments made to account for valuation uncertainty in derivatives with significant unobservable inputs may not adequately capture the true risk, potentially leading to mispricing.",7,8
"Market-based inputs used for calibrating valuation adjustments may not accurately reflect current market conditions, especially during periods of stress or volatility.",7,8
"Valuation of resale and repurchase agreements under the fair value option exposes the firm to interest rate risk and counterparty credit risk.",7,8
"Fair valuing securities borrowed and loaned transactions exposes the firm to market risk and counterparty risk.",7,8
"Fair valuing certain customer receivables, including margin loans, exposes the firm to credit risk and market risk.",7,8
"Realized losses on unsecured long-term borrowings could negatively impact financial performance.",7,8
"Unrealized losses on unsecured long-term borrowings could negatively impact financial performance.",7,8
"Early repayment of repurchase agreements by the firm could disrupt investment strategies.",6,7
"Early redemption of repurchase agreements by holders could create liquidity challenges.",6,7
"The use of other secured financings introduces risks associated with collateral management.",7,8
"Pledging financial instruments and other assets as collateral creates risk of loss if the firm cannot meet its obligations.",7,8
"Failure to collect on guarantees could lead to significant losses.",6,7
"Changes in the creditworthiness of guaranteed parties could increase our exposure.",7,8
"The maximum guarantee exposure may not accurately reflect the actual potential loss.",7,8
"The company's reliance on guarantees may create concentrated risk in certain sectors or counterparties.",7,8
"Guarantees provided to related parties pose risks of conflict of interest and potential non-recovery.",7,8
"Legal challenges to the enforceability of guarantees may limit the company's ability to recover losses.",6,7
"Changes in accounting standards related to guarantee obligations could impact the company's financial statements.",7,8
"Economic downturns may increase the likelihood of defaults on guaranteed obligations.",7,8
"Fluctuations in interest rates could impact the company's net interest income.",9,7
"Cybersecurity breaches or data leaks could compromise sensitive company or customer information.",7,8
"Regulatory changes or uncertainty could increase compliance costs or restrict operations.",7,8
"Economic downturns could negatively impact customer investment activity and financial performance.",7,8
"System outages or technology failures could disrupt operations and trading services.",7,8
"Competition from other financial institutions could reduce market share and profitability.",9,7
"Changes in customer preferences or behavior could reduce demand for products and services.",7,8
"Failure to innovate or adapt to new technologies could result in a loss of competitive advantage.",7,8
"Legal and regulatory investigations or litigation could lead to financial penalties or reputational damage.",7,8
"Failure to attract or retain key personnel could negatively impact business operations.",7,8
"Inability to manage credit or counterparty risk could result in significant financial losses.",7,8
"Liquidity shortages could impact the ability to meet financial obligations.",7,9
"Fluctuations in interest rates could negatively impact investment returns.",9,7
"Cybersecurity breaches or data leaks could compromise sensitive information.",7,8
"Regulatory changes or non-compliance could lead to penalties or legal action.",7,8
"Market volatility or economic downturns could negatively affect investment performance.",7,8
"Operational disruptions or system failures could interrupt business operations.",7,8
"Competition from other financial institutions could impact market share.",9,7
"Changes in customer preferences or demand could decrease profitability.",7,8
"Failure to innovate or adapt to technological advancements could lead to competitive disadvantages.",7,8
"Liquidity risks could arise from an inability to meet short-term obligations.",7,8
"Credit risk could result from borrowers defaulting on loans.",7,8
"Reputational damage could negatively impact customer trust and business relationships.",7,8
"Legal and regulatory investigations could lead to financial losses or reputational damage.",7,8
"Fluctuations in interest rates could negatively impact investment returns.",9,7
"Competition within the financial services industry may pressure profit margins.",9,7
"Changes in economic conditions could adversely affect client activity and demand for services.",7,8
"Regulatory changes or interpretations could increase compliance costs or restrict operations.",7,8
"Cybersecurity breaches or data leaks could compromise sensitive information and lead to financial losses.",8,9
"Operational disruptions or system failures could interrupt business continuity and client services.",7,8
"Failure to attract or retain qualified personnel could limit growth and operational effectiveness.",7,8
"Credit risk associated with lending activities could result in loan losses.",7,8
"Market volatility or declines in asset values could negatively affect investment portfolios.",9,7
"Liquidity risk could limit the ability to meet immediate financial obligations.",7,8
"Reputational damage from negative publicity or legal actions could erode client trust.",7,8
"Changes in accounting standards could affect financial reporting and comparability.",7,6
"The firm's reliance on Net Asset Value (NAV) for valuing certain fund investments may not accurately reflect their true market value.",7,8
"Investments in funds measured at NAV introduce valuation uncertainty and potential for mispricing.",7,8
"Lack of a readily determinable fair value for certain fund investments increases the risk of inaccurate valuations.",7,8
"The concentration of investments in time deposits exposes the firm to interest rate risk.",7,8
"Investments in credit funds are subject to credit risk and potential losses if underlying investments default.",7,8
"Mispricing or valuation errors of Level 3 derivatives could lead to financial misstatements.",6,7
"The lack of observable inputs for Level 3 derivatives increases the risk of inaccurate valuations.",7,8
"Changes in assumptions used to value Level 3 derivatives could significantly impact reported earnings.",7,8
"Reliance on unobservable inputs for Level 3 derivative valuation exposes the company to potential manipulation or bias.",6,7
"Difficulty in liquidating Level 3 derivatives could result in realized losses greater than anticipated.",4,7
"The complexity of derivative contracts may lead to errors in accounting and reporting.",7,8
"Inconsistent application of accounting standards for derivatives could lead to regulatory scrutiny.",6,7
"Inaccurate reporting of debt instrument line items could misrepresent the company's financial position.",7,8
"Failure to properly account for interest rate hedges on unsecured long-term borrowings could lead to financial losses.",6,7
"Changes in interest rates could impact the effectiveness of the company's hedging strategies.",7,8
"The company's reliance on unsecured long-term borrowings creates significant financial risk.",6,8
"Incorrect valuation of unsecured long-term borrowings by maturity date could mislead investors.",6,7
"Lack of transparency in reporting details of unsecured long-term borrowings may raise concerns about financial stability.",6,7
"Fluctuations in interest rates could negatively impact investment returns.",9,7
"Cybersecurity breaches or data leaks could compromise sensitive information.",7,8
"Regulatory changes or non-compliance could lead to penalties or legal action.",7,8
"Market volatility or economic downturns could negatively affect investment performance.",7,8
"Operational disruptions or system failures could interrupt business operations.",7,8
"Competition from other financial institutions could impact market share.",9,7
"Failure to innovate or adapt to technological advancements could result in a loss of competitive advantage.",7,8
"Changes in customer preferences or demand could impact profitability.",9,7
"Credit risk associated with lending activities could result in losses.",7,8
"Liquidity risk could impair the ability to meet short-term obligations.",7,8
"Reputational damage from negative publicity could impact customer trust.",7,8
"Failure to attract or retain qualified personnel could hinder operational efficiency.",7,8
"Inaccurate valuation of Level 3 assets (those with unobservable inputs) could lead to misstated financial results.",7,8
"Reliance on internal assumptions for valuing Level 3 assets increases the risk of bias and manipulation.",7,8
"Changes in market conditions or assumptions could significantly impact the fair value of Level 3 assets and liabilities.",7,8
"The lack of readily available market data for Level 3 assets makes it difficult to independently verify their valuations.",7,8
"Complexity in the valuation models for Level 3 instruments could introduce errors and increase risk exposure.",7,8
"The inherent uncertainty in Level 3 valuations poses a risk to the company's financial stability.",7,8
"Potential disagreements with auditors regarding Level 3 valuations could lead to financial restatements.",4,7
"Increased scrutiny from regulators regarding Level 3 assets could result in penalties or increased compliance costs.",7,8
"Misrepresentation or misunderstanding of Level 3 asset valuations could negatively impact investor confidence.",7,8
"Difficulty in liquidating Level 3 assets during market stress could exacerbate financial difficulties.",7,8
"The use of unobservable inputs for derivative valuations exposes the company to potential pricing errors and risk mismanagement.",7,8
"Fluctuations in foreign exchange rates could negatively impact earnings.",9,7
"Failure to comply with evolving regulations could lead to penalties or legal action.",7,8
"Economic downturns could decrease demand for products or services.",7,8
"Competition from existing or new market entrants could impact market share and profitability.",7,8
"Breaches in cybersecurity could compromise sensitive data and damage reputation.",7,8
"Disruptions to operations (e.g., natural disasters, pandemics) could affect production and delivery.",7,8
"Failure to innovate or adapt to technological advancements could result in loss of competitive advantage.",7,8
"Dependence on key suppliers or customers creates vulnerability to supply chain disruptions.",7,8
"Inability to attract or retain qualified personnel could hinder growth.",7,8
"Changes in interest rates could affect financing costs and investment returns.",9,7
"Litigation or legal disputes could lead to financial losses.",7,8
"Failure of strategic initiatives or acquisitions could negatively impact financial performance.",7,8
"Fluctuations in interest rates could negatively impact investment returns.",9,7
"Cybersecurity breaches or data leaks could compromise sensitive information.",8,9
"Regulatory changes or non-compliance could lead to penalties or legal action.",7,8
"Market volatility or economic downturns could negatively affect investment performance.",7,8
"Operational disruptions or system failures could interrupt business operations.",7,8
"Competition from other financial institutions could impact market share.",9,7
"Changes in tax laws could affect profitability.",7,8
"Failure to innovate or adapt to technological advancements could result in competitive disadvantages.",7,8
"Credit risk associated with client defaults could lead to financial losses.",7,8
"Liquidity risk could arise from an inability to meet short-term obligations.",7,8
"Reputational damage from negative publicity could erode client trust.",7,8
"Dependence on key personnel poses a risk if they leave the company.",7,8
"The company faces credit risk from derivative instruments.",6,7
"The company is exposed to foreign exchange risk from exchange-traded, non-designated derivative contracts.",7,8
"The company is exposed to foreign exchange risk from centrally cleared, non-designated derivative contracts.",7,8
"The company is exposed to foreign exchange risk from over-the-counter (OTC), bilaterally cleared, non-designated derivative contracts.",7,8
"The company has a significant amount of long-term debt, exposing it to interest rate risk.",7,8
"The reliance on interest rate hedges exposes the company to the risk of hedge ineffectiveness.",6,7
"A substantial portion of the debt is unsecured, increasing the risk of loss for creditors in case of default.",6,7
"The company's debt maturity schedule could create refinancing risks, especially if market conditions deteriorate.",6,7
"Changes in fair value accounting for hedged debt could introduce volatility into the company's financial results.",7,6
"The difference between fair value and amortized cost of hedged debt creates a risk of future earnings impacts.",7,5
"The substantial amount of debt with floating rates exposes the company to interest rate fluctuations.",7,8
"The effectiveness of interest rate hedges may not fully mitigate the impact of interest rate changes.",7,8
"The investment manager has sole discretion over investment decisions, potentially exposing the fund to concentrated risks or misaligned investment strategies.",7,8
"The lack of compensation for investment committee members and officers may disincentivize thorough due diligence and oversight of investments.",7,8
"Third parties relying solely on the General Partner's certificate may be exposed to misrepresentation or fraud.",6,8
"The pro-rata expense allocation method, with exceptions granted to the General Partner's discretion, may lead to unfair cost burdens on the fund.",7,8
"The General Partner's ability to allocate expenses non-pro-rata creates a risk of arbitrary cost allocation and potential conflicts of interest.",7,8
"The fund's reliance on capital contributions, borrowings, or proceeds for expense payment introduces liquidity risk.",7,8
"The General Partner and its affiliates may prioritize their own reimbursement over the fund's financial health.",7,9
"The broad definition of "Fund Expenses" may lead to unexpected or excessive charges to the fund.",6,7
"The fund bears the costs associated with regulatory compliance, potentially increasing expenses unpredictably.",9,7
"The fund is responsible for expenses related to the acquisition, holding, and disposal of investments, potentially impacting overall returns.",9,7
"The inclusion of external legal, tax, and accounting costs as "Fund Expenses" may lead to high administrative overhead.",7,6
"The fund bears the cost of insurance premiums, which may fluctuate and impact overall returns.",9,5
"Inaccuracies in the fair value measurement of loans receivable could negatively impact financial reporting.",7,8
"The sale of loans classified as 'held for sale' may result in losses if market conditions deteriorate.",7,8
"Concentrations within the corporate loan portfolio could lead to significant losses if specific industries or borrowers experience financial distress.",7,8
"Deterioration in credit quality of commercial real estate loans could lead to increased loan loss provisions and reduced earnings.",7,8
"Changes in interest rates could impact the fair value of loans and affect profitability.",9,7
"Inability to accurately assess and manage risk associated with 'held for sale' loans could result in unexpected losses.",7,8
"Inaccurate calculations of Banking Regulation Tier 1 Risk-Based Capital Adjustments could lead to regulatory penalties.",7,8
"Misreporting of Change In CET1 could negatively impact investor confidence.",6,7
"Incorrect calculation of the impact of CECL transition on Common Equity Tier One Capital could misrepresent financial stability.",6,8
"Errors in reporting the Change in Common Shareholders' Equity could lead to misinterpretations of the company's financial health.",7,8
"Fluctuations in interest rates could negatively impact net interest income.",9,7
"Cybersecurity breaches or failures in information technology systems could compromise sensitive data and disrupt operations.",9,8
"Regulatory changes or interpretations could increase compliance costs or restrict business activities.",7,8
"Economic downturns could adversely affect client investment activity and reduce demand for financial products and services.",7,8
"System failures or technology disruptions could negatively impact the ability to execute trades and settle transactions.",7,8
"Competition from other financial institutions could lead to pricing pressure and loss of market share.",9,7
"Failure to attract and retain skilled employees could hinder operational efficiency and innovation.",7,8
"Changes in customer preferences and behavior could reduce demand for certain products and services.",7,8
"Legal and regulatory investigations or litigation could result in financial penalties and reputational damage.",7,8
"Inability to manage credit risk effectively could lead to increased loan losses and write-downs.",7,8
"Natural disasters or other unforeseen events could disrupt business operations and lead to financial losses.",7,8
"Changes in accounting standards could impact financial reporting and profitability.",7,8
"Incorrect application of the Accounting Standards Codification (ASC) sections referenced could lead to misstatements in financial reporting.",7,8
"Changes or updates to the referenced ASC sections could require adjustments to accounting practices and disclosures.",7,6
"Differing interpretations of the cited ASC sections by regulatory bodies could result in penalties or restatements.",6,7
"Failure to comply with the guidance in the specified ASC sections could lead to legal and financial repercussions.",7,8
"Reliance on outdated or superseded versions of the ASC sections could lead to inaccurate financial reporting.",7,8
